date,series,value,category,year,change_from_2019_avg,series_clean
2020-01-01,high_propensity,101067,type,2020,-6.132046265,Likely to Hire Employees
2020-02-01,high_propensity,111892,type,2020,3.921884288,Likely to Hire Employees
2020-03-01,high_propensity,95554,type,2020,-11.25235288,Likely to Hire Employees
2020-04-01,high_propensity,76644,type,2020,-28.81538538,Likely to Hire Employees
2020-05-01,high_propensity,93965,type,2020,-12.72816772,Likely to Hire Employees
2020-06-01,high_propensity,122756,type,2020,14.01203685,Likely to Hire Employees
2020-07-01,high_propensity,174685,type,2020,62.24211165,Likely to Hire Employees
2020-08-01,high_propensity,159419,type,2020,48.06351545,Likely to Hire Employees
2020-09-01,high_propensity,143956,type,2020,33.70195165,Likely to Hire Employees
2020-10-01,high_propensity,135889,type,2020,26.20956756,Likely to Hire Employees
2020-11-01,high_propensity,132876,type,2020,23.41118486,Likely to Hire Employees
2020-12-01,high_propensity,111509,type,2020,3.566165544,Likely to Hire Employees
2021-01-01,high_propensity,158155,type,2021,46.88955072,Likely to Hire Employees
2021-02-01,high_propensity,141656,type,2021,31.56578165,Likely to Hire Employees
2021-03-01,high_propensity,150495,type,2021,39.77517585,Likely to Hire Employees
2021-04-01,high_propensity,158390,type,2021,47.10781157,Likely to Hire Employees
2021-05-01,high_propensity,158783,type,2021,47.47281801,Likely to Hire Employees
2021-06-01,high_propensity,147795,type,2021,37.26749802,Likely to Hire Employees
2021-07-01,high_propensity,145756,type,2021,35.37373687,Likely to Hire Employees
2021-08-01,high_propensity,141675,type,2021,31.58342827,Likely to Hire Employees
2021-09-01,high_propensity,140613,type,2021,30.597075,Likely to Hire Employees
2021-10-01,high_propensity,141938,type,2021,31.82769467,Likely to Hire Employees
2021-11-01,high_propensity,144650,type,2021,34.34651773,Likely to Hire Employees
2021-12-01,high_propensity,134122,type,2021,24.56843174,Likely to Hire Employees
2022-01-01,high_propensity,138365,type,2022,28.50920101,Likely to Hire Employees
2022-02-01,high_propensity,134642,type,2022,25.05139192,Likely to Hire Employees
2022-03-01,high_propensity,133306,type,2022,23.81055578,Likely to Hire Employees
2022-04-01,high_propensity,135247,type,2022,25.6132975,Likely to Hire Employees
2022-05-01,high_propensity,137530,type,2022,27.73367842,Likely to Hire Employees
2022-06-01,high_propensity,136273,type,2022,26.56621508,Likely to Hire Employees
2022-07-01,high_propensity,141269,type,2022,31.20634783,Likely to Hire Employees
2022-08-01,high_propensity,139788,type,2022,29.8308401,Likely to Hire Employees
2022-09-01,high_propensity,140754,type,2022,30.7280315,Likely to Hire Employees
2022-10-01,high_propensity,142323,type,2022,32.18527095,Likely to Hire Employees
2020-01-01,not_high_propensity,178206,type,2020,-3.937340361,Not Likely to Hire Employees
2020-02-01,not_high_propensity,188598,type,2020,1.664508953,Not Likely to Hire Employees
2020-03-01,not_high_propensity,165345,type,2020,-10.87011404,Not Likely to Hire Employees
2020-04-01,not_high_propensity,156364,type,2020,-15.71135814,Not Likely to Hire Employees
2020-05-01,not_high_propensity,203128,type,2020,9.496963778,Not Likely to Hire Employees
2020-06-01,not_high_propensity,257847,type,2020,38.99346038,Not Likely to Hire Employees
2020-07-01,not_high_propensity,377529,type,2020,103.5085229,Not Likely to Hire Employees
2020-08-01,not_high_propensity,326983,type,2020,76.2614987,Not Likely to Hire Employees
2020-09-01,not_high_propensity,293329,type,2020,58.12017491,Not Likely to Hire Employees
2020-10-01,not_high_propensity,276561,type,2020,49.0813172,Not Likely to Hire Employees
2020-11-01,not_high_propensity,262793,type,2020,41.65962153,Not Likely to Hire Employees
2020-12-01,not_high_propensity,235863,type,2020,27.14289693,Not Likely to Hire Employees
2021-01-01,not_high_propensity,323840,type,2021,74.56725193,Not Likely to Hire Employees
2021-02-01,not_high_propensity,285785,type,2021,54.05355142,Not Likely to Hire Employees
2021-03-01,not_high_propensity,303189,type,2021,63.43524748,Not Likely to Hire Employees
2021-04-01,not_high_propensity,331618,type,2021,78.76001405,Not Likely to Hire Employees
2021-05-01,not_high_propensity,341702,type,2021,84.19583473,Not Likely to Hire Employees
2021-06-01,not_high_propensity,304108,type,2021,63.93063812,Not Likely to Hire Employees
2021-07-01,not_high_propensity,301562,type,2021,62.5582066,Not Likely to Hire Employees
2021-08-01,not_high_propensity,289083,type,2021,55.83135156,Not Likely to Hire Employees
2021-09-01,not_high_propensity,292424,type,2021,57.63233102,Not Likely to Hire Employees
2021-10-01,not_high_propensity,288799,type,2021,55.67826022,Not Likely to Hire Employees
2021-11-01,not_high_propensity,287224,type,2021,54.82925015,Not Likely to Hire Employees
2021-12-01,not_high_propensity,286266,type,2021,54.3128364,Not Likely to Hire Employees
2022-01-01,not_high_propensity,292364,type,2022,57.59998778,Not Likely to Hire Employees
2022-02-01,not_high_propensity,283527,type,2022,52.83636746,Not Likely to Hire Employees
2022-03-01,not_high_propensity,285236,type,2022,53.75761077,Not Likely to Hire Employees
2022-04-01,not_high_propensity,289664,type,2022,56.14454194,Not Likely to Hire Employees
2022-05-01,not_high_propensity,285057,type,2022,53.6611201,Not Likely to Hire Employees
2022-06-01,not_high_propensity,276608,type,2022,49.10665274,Not Likely to Hire Employees
2022-07-01,not_high_propensity,285972,type,2022,54.15435452,Not Likely to Hire Employees
2022-08-01,not_high_propensity,282794,type,2022,52.44124087,Not Likely to Hire Employees
2022-09-01,not_high_propensity,286821,type,2022,54.61201138,Not Likely to Hire Employees
2022-10-01,not_high_propensity,290511,type,2022,56.60112069,Not Likely to Hire Employees
2020-01-01,us_total,279273,type,2020,-4.743339831,U.S. Total
2020-02-01,us_total,300490,type,2020,2.493523592,U.S. Total
2020-03-01,us_total,260899,type,2020,-11.01049016,U.S. Total
2020-04-01,us_total,233008,type,2020,-20.52377468,U.S. Total
2020-05-01,us_total,297093,type,2020,1.334847764,U.S. Total
2020-06-01,us_total,380603,type,2020,29.819104,U.S. Total
2020-07-01,us_total,552214,type,2020,88.35355132,U.S. Total
2020-08-01,us_total,486402,type,2020,65.90586995,U.S. Total
2020-09-01,us_total,437285,type,2020,49.15265221,U.S. Total
2020-10-01,us_total,412450,type,2020,40.68173252,U.S. Total
2020-11-01,us_total,395669,type,2020,34.95793533,U.S. Total
2020-12-01,us_total,347372,type,2020,18.48440972,U.S. Total
2021-01-01,us_total,481995,type,2021,64.40269528,U.S. Total
2021-02-01,us_total,427441,type,2021,45.79498225,U.S. Total
2021-03-01,us_total,453684,type,2021,54.74615381,U.S. Total
2021-04-01,us_total,490008,type,2021,67.13583317,U.S. Total
2021-05-01,us_total,500485,type,2021,70.70941181,U.S. Total
2021-06-01,us_total,451903,type,2021,54.13867614,U.S. Total
2021-07-01,us_total,447318,type,2021,52.5747878,U.S. Total
2021-08-01,us_total,430758,type,2021,46.92637105,U.S. Total
2021-09-01,us_total,433037,type,2021,47.70371053,U.S. Total
2021-10-01,us_total,430737,type,2021,46.9192082,U.S. Total
2021-11-01,us_total,431874,type,2021,47.30702522,U.S. Total
2021-12-01,us_total,420388,type,2021,43.38928881,U.S. Total
2022-01-01,us_total,430729,type,2022,46.91647949,U.S. Total
2022-02-01,us_total,418169,type,2022,42.63241461,U.S. Total
2022-03-01,us_total,418542,type,2022,42.75964043,U.S. Total
2022-04-01,us_total,424911,type,2022,44.9320297,U.S. Total
2022-05-01,us_total,422587,type,2022,44.13934126,U.S. Total
2022-06-01,us_total,412881,type,2022,40.82874144,U.S. Total
2022-07-01,us_total,427241,type,2022,45.72676466,U.S. Total
2022-08-01,us_total,422582,type,2022,44.13763582,U.S. Total
2022-09-01,us_total,427575,type,2022,45.84068804,U.S. Total
2022-10-01,us_total,432834,type,2022,47.63446967,U.S. Total
2020-01-01,northeast,43982,region,2020,-7.726198302,Northeast
2020-02-01,northeast,48370,region,2020,1.479782368,Northeast
2020-03-01,northeast,39444,region,2020,-17.24687749,Northeast
2020-04-01,northeast,31490,region,2020,-33.93429095,Northeast
2020-05-01,northeast,42130,region,2020,-11.61167601,Northeast
2020-06-01,northeast,54444,region,2020,14.22297439,Northeast
2020-07-01,northeast,75922,region,2020,59.28360631,Northeast
2020-08-01,northeast,72796,region,2020,52.72528917,Northeast
2020-09-01,northeast,68138,region,2020,42.95285117,Northeast
2020-10-01,northeast,64488,region,2020,35.29518721,Northeast
2020-11-01,northeast,61844,region,2020,29.74810132,Northeast
2020-12-01,northeast,52150,region,2020,9.410185043,Northeast
2021-01-01,northeast,73095,region,2021,53.35258822,Northeast
2021-02-01,northeast,64442,region,2021,35.19867966,Northeast
2021-03-01,northeast,66498,region,2021,39.51214736,Northeast
2021-04-01,northeast,70474,region,2021,47.8537561,Northeast
2021-05-01,northeast,69089,region,2021,44.94803978,Northeast
2021-06-01,northeast,65561,region,2021,37.54633062,Northeast
2021-07-01,northeast,66662,region,2021,39.85621774,Northeast
2021-08-01,northeast,66258,region,2021,39.00862973,Northeast
2021-09-01,northeast,64875,region,2021,36.10710939,Northeast
2021-10-01,northeast,66504,region,2021,39.5247353,Northeast
2021-11-01,northeast,65293,region,2021,36.98406926,Northeast
2021-12-01,northeast,64899,region,2021,36.15746115,Northeast
2022-01-01,northeast,66733,region,2022,40.00517504,Northeast
2022-02-01,northeast,63770,region,2022,33.7888303,Northeast
2022-03-01,northeast,63728,region,2022,33.70071472,Northeast
2022-04-01,northeast,62827,region,2022,31.81042561,Northeast
2022-05-01,northeast,63420,region,2022,33.05453376,Northeast
2022-06-01,northeast,61109,region,2022,28.20607858,Northeast
2022-07-01,northeast,63303,region,2022,32.80906891,Northeast
2022-08-01,northeast,62173,region,2022,30.43834007,Northeast
2022-09-01,northeast,63761,region,2022,33.76994839,Northeast
2022-10-01,northeast,62196,region,2022,30.48659384,Northeast
2020-01-01,midwest,45709,region,2020,-6.454462662,Midwest
2020-02-01,midwest,49329,region,2020,0.9540311825,Midwest
2020-03-01,midwest,42689,region,2020,-12.63502935,Midwest
2020-04-01,midwest,40301,region,2020,-17.52217943,Midwest
2020-05-01,midwest,49309,region,2020,0.9131002773,Midwest
2020-06-01,midwest,69701,region,2020,42.64625124,Midwest
2020-07-01,midwest,108230,region,2020,121.4975936,Midwest
2020-08-01,midwest,87033,region,2020,78.11697371,Midwest
2020-09-01,midwest,73897,region,2020,51.23355516,Midwest
2020-10-01,midwest,69003,region,2020,41.21776265,Midwest
2020-11-01,midwest,67380,region,2020,37.89621969,Midwest
2020-12-01,midwest,58339,region,2020,19.39340398,Midwest
2021-01-01,midwest,82448,region,2021,68.73356368,Midwest
2021-02-01,midwest,72760,region,2021,48.90663319,Midwest
2021-03-01,midwest,77145,region,2021,57.88073416,Midwest
2021-04-01,midwest,86798,region,2021,77.63603557,Midwest
2021-05-01,midwest,84293,region,2021,72.50943969,Midwest
2021-06-01,midwest,76069,region,2021,55.67865146,Midwest
2021-07-01,midwest,74021,region,2021,51.48732677,Midwest
2021-08-01,midwest,71143,region,2021,45.59736951,Midwest
2021-09-01,midwest,71182,region,2021,45.67718477,Midwest
2021-10-01,midwest,70299,region,2021,43.87008531,Midwest
2021-11-01,midwest,71165,region,2021,45.6423935,Midwest
2021-12-01,midwest,69055,region,2021,41.324183,Midwest
2022-01-01,midwest,71410,region,2022,46.14379709,Midwest
2022-02-01,midwest,69843,region,2022,42.93686067,Midwest
2022-03-01,midwest,69944,region,2022,43.14356174,Midwest
2022-04-01,midwest,73323,region,2022,50.05883818,Midwest
2022-05-01,midwest,68580,region,2022,40.352074,Midwest
2022-06-01,midwest,67027,region,2022,37.17378921,Midwest
2022-07-01,midwest,70897,region,2022,45.09391937,Midwest
2022-08-01,midwest,68899,region,2022,41.00492194,Midwest
2022-09-01,midwest,70226,region,2022,43.7206875,Midwest
2022-10-01,midwest,71350,region,2022,46.02100438,Midwest
2020-01-01,south,123157,region,2020,-3.365410079,South
2020-02-01,south,129786,region,2020,1.83600516,South
2020-03-01,south,115404,region,2020,-9.448766897,South
2020-04-01,south,106574,region,2020,-16.37718695,South
2020-05-01,south,138976,region,2020,9.04689761,South
2020-06-01,south,178297,region,2020,39.89994462,South
2020-07-01,south,264798,region,2020,107.7725679,South
2020-08-01,south,226290,region,2020,77.55743769,South
2020-09-01,south,202754,region,2020,59.09002042,South
2020-10-01,south,188973,region,2020,48.27682033,South
2020-11-01,south,180965,region,2020,41.9933789,South
2020-12-01,south,164162,region,2020,28.80898001,South
2021-01-01,south,225921,region,2021,77.26790349,South
2021-02-01,south,198768,region,2021,55.96242333,South
2021-03-01,south,211776,region,2021,66.16909242,South
2021-04-01,south,233271,region,2021,83.03504815,South
2021-05-01,south,243455,region,2021,91.02587826,South
2021-06-01,south,216894,region,2021,70.18490826,South
2021-07-01,south,210932,region,2021,65.50685159,South
2021-08-01,south,200252,region,2021,57.1268373,South
2021-09-01,south,201125,region,2021,57.81183285,South
2021-10-01,south,200049,region,2021,56.96755425,South
2021-11-01,south,198402,region,2021,55.67524306,South
2021-12-01,south,193022,region,2021,51.45385009,South
2022-01-01,south,195855,region,2022,53.67675089,South
2022-02-01,south,189484,region,2022,48.6777742,South
2022-03-01,south,192583,region,2022,51.1093907,South
2022-04-01,south,206537,region,2022,62.05833447,South
2022-05-01,south,197269,region,2022,54.78623967,South
2022-06-01,south,191051,region,2022,49.90731375,South
2022-07-01,south,197827,region,2022,55.22407188,South
2022-08-01,south,195625,region,2022,53.49628241,South
2022-09-01,south,195170,region,2022,53.1392687,South
2022-10-01,south,198390,region,2022,55.66582731,South
2020-01-01,west,66425,region,2020,-4.018322133,West
2020-02-01,west,73005,region,2020,5.489535456,West
2020-03-01,west,63362,region,2020,-8.44424429,West
2020-04-01,west,54643,region,2020,-21.04287808,West
2020-05-01,west,66678,region,2020,-3.652746454,West
2020-06-01,west,78161,region,2020,12.93976551,West
2020-07-01,west,103264,region,2020,49.2126757,West
2020-08-01,west,100283,region,2020,44.90524052,West
2020-09-01,west,92496,region,2020,33.6533124,West
2020-10-01,west,89986,region,2020,30.02645487,West
2020-11-01,west,85480,region,2020,23.51545087,West
2020-12-01,west,72721,region,2020,5.079165919,West
2021-01-01,west,100531,region,2021,45.26359138,West
2021-02-01,west,91471,region,2021,32.17222516,West
2021-03-01,west,98265,region,2021,41.98930486,West
2021-04-01,west,99465,region,2021,43.72326066,West
2021-05-01,west,103648,region,2021,49.76754155,West
2021-06-01,west,93379,region,2021,34.92921487,West
2021-07-01,west,95703,region,2021,38.28730925,West
2021-08-01,west,93105,region,2021,34.53329496,West
2021-09-01,west,95855,region,2021,38.50694365,West
2021-10-01,west,93885,region,2021,35.66036623,West
2021-11-01,west,97014,region,2021,40.18165595,West
2021-12-01,west,93412,region,2021,34.97689865,West
2022-01-01,west,96731,region,2022,39.77273138,West
2022-02-01,west,95072,region,2022,37.3755375,West
2022-03-01,west,92287,region,2022,33.3513151,West
2022-04-01,west,82224,region,2022,18.81065082,West
2022-05-01,west,93318,region,2022,34.84107211,West
2022-06-01,west,93694,region,2022,35.38437826,West
2022-07-01,west,95214,region,2022,37.58072226,West
2022-08-01,west,95885,region,2022,38.55029254,West
2022-09-01,west,98418,region,2022,42.21038423,West
2022-10-01,west,100898,region,2022,45.79389286,West
2020-01-01,us_total,279273,region,2020,-4.743339831,U.S. Total
2020-02-01,us_total,300490,region,2020,2.493523592,U.S. Total
2020-03-01,us_total,260899,region,2020,-11.01049016,U.S. Total
2020-04-01,us_total,233008,region,2020,-20.52377468,U.S. Total
2020-05-01,us_total,297093,region,2020,1.334847764,U.S. Total
2020-06-01,us_total,380603,region,2020,29.819104,U.S. Total
2020-07-01,us_total,552214,region,2020,88.35355132,U.S. Total
2020-08-01,us_total,486402,region,2020,65.90586995,U.S. Total
2020-09-01,us_total,437285,region,2020,49.15265221,U.S. Total
2020-10-01,us_total,412450,region,2020,40.68173252,U.S. Total
2020-11-01,us_total,395669,region,2020,34.95793533,U.S. Total
2020-12-01,us_total,347372,region,2020,18.48440972,U.S. Total
2021-01-01,us_total,481995,region,2021,64.40269528,U.S. Total
2021-02-01,us_total,427441,region,2021,45.79498225,U.S. Total
2021-03-01,us_total,453684,region,2021,54.74615381,U.S. Total
2021-04-01,us_total,490008,region,2021,67.13583317,U.S. Total
2021-05-01,us_total,500485,region,2021,70.70941181,U.S. Total
2021-06-01,us_total,451903,region,2021,54.13867614,U.S. Total
2021-07-01,us_total,447318,region,2021,52.5747878,U.S. Total
2021-08-01,us_total,430758,region,2021,46.92637105,U.S. Total
2021-09-01,us_total,433037,region,2021,47.70371053,U.S. Total
2021-10-01,us_total,430737,region,2021,46.9192082,U.S. Total
2021-11-01,us_total,431874,region,2021,47.30702522,U.S. Total
2021-12-01,us_total,420388,region,2021,43.38928881,U.S. Total
2022-01-01,us_total,430729,region,2022,46.91647949,U.S. Total
2022-02-01,us_total,418169,region,2022,42.63241461,U.S. Total
2022-03-01,us_total,418542,region,2022,42.75964043,U.S. Total
2022-04-01,us_total,424911,region,2022,44.9320297,U.S. Total
2022-05-01,us_total,422587,region,2022,44.13934126,U.S. Total
2022-06-01,us_total,412881,region,2022,40.82874144,U.S. Total
2022-07-01,us_total,427241,region,2022,45.72676466,U.S. Total
2022-08-01,us_total,422582,region,2022,44.13763582,U.S. Total
2022-09-01,us_total,427575,region,2022,45.84068804,U.S. Total
2022-10-01,us_total,432834,region,2022,47.63446967,U.S. Total
2020-01-01,agriculture,3300,industry,2020,-12.13472675,Agriculture
2020-02-01,agriculture,3736,industry,2020,-0.5258603475,Agriculture
2020-03-01,agriculture,3573,industry,2020,-4.865872329,Agriculture
2020-04-01,agriculture,3238,industry,2020,-13.78552886,Agriculture
2020-05-01,agriculture,4327,industry,2020,15.21001132,Agriculture
2020-06-01,agriculture,5330,industry,2020,41.91572922,Agriculture
2020-07-01,agriculture,7186,industry,2020,91.33328896,Agriculture
2020-08-01,agriculture,5906,industry,2020,57.25221327,Agriculture
2020-09-01,agriculture,5211,industry,2020,38.74725421,Agriculture
2020-10-01,agriculture,4872,industry,2020,29.72109432,Agriculture
2020-11-01,agriculture,4610,industry,2020,22.74512414,Agriculture
2020-12-01,agriculture,3738,industry,2020,-0.4726086667,Agriculture
2021-01-01,agriculture,5006,industry,2021,33.28895693,Agriculture
2021-02-01,agriculture,4689,industry,2021,24.84856553,Agriculture
2021-03-01,agriculture,4934,industry,2021,31.37189643,Agriculture
2021-04-01,agriculture,4965,industry,2021,32.19729748,Agriculture
2021-05-01,agriculture,4946,industry,2021,31.69140651,Agriculture
2021-06-01,agriculture,4611,industry,2021,22.77174998,Agriculture
2021-07-01,agriculture,4747,industry,2021,26.39286427,Agriculture
2021-08-01,agriculture,4631,industry,2021,23.30426679,Agriculture
2021-09-01,agriculture,4827,industry,2021,28.52293151,Agriculture
2021-10-01,agriculture,4865,industry,2021,29.53471344,Agriculture
2021-11-01,agriculture,4839,industry,2021,28.84244159,Agriculture
2021-12-01,agriculture,4384,industry,2021,16.72768422,Agriculture
2022-01-01,agriculture,4251,industry,2022,13.18644745,Agriculture
2022-02-01,agriculture,4223,industry,2022,12.44092392,Agriculture
2022-03-01,agriculture,4214,industry,2022,12.20129135,Agriculture
2022-04-01,agriculture,4215,industry,2022,12.22791719,Agriculture
2022-05-01,agriculture,4229,industry,2022,12.60067896,Agriculture
2022-06-01,agriculture,4246,industry,2022,13.05331825,Agriculture
2022-07-01,agriculture,4583,industry,2022,22.02622645,Agriculture
2022-08-01,agriculture,4017,industry,2022,6.956000799,Agriculture
2022-09-01,agriculture,3946,industry,2022,5.065566132,Agriculture
2022-10-01,agriculture,3897,industry,2022,3.760899953,Agriculture
2020-01-01,mining,439,industry,2020,-11.78834561,Mining
2020-02-01,mining,495,industry,2020,-0.5358338915,Mining
2020-03-01,mining,379,industry,2020,-23.84460817,Mining
2020-04-01,mining,285,industry,2020,-42.73275285,Mining
2020-05-01,mining,316,industry,2020,-36.50368386,Mining
2020-06-01,mining,391,industry,2020,-21.43335566,Mining
2020-07-01,mining,429,industry,2020,-13.79772271,Mining
2020-08-01,mining,437,industry,2020,-12.19022103,Mining
2020-09-01,mining,430,industry,2020,-13.596785,Mining
2020-10-01,mining,406,industry,2020,-18.41929002,Mining
2020-11-01,mining,411,industry,2020,-17.41460147,Mining
2020-12-01,mining,333,industry,2020,-33.0877428,Mining
2021-01-01,mining,466,industry,2021,-6.363027461,Mining
2021-02-01,mining,377,industry,2021,-24.24648359,Mining
2021-03-01,mining,426,industry,2021,-14.40053583,Mining
2021-04-01,mining,462,industry,2021,-7.166778299,Mining
2021-05-01,mining,517,industry,2021,3.884795713,Mining
2021-06-01,mining,409,industry,2021,-17.81647689,Mining
2021-07-01,mining,420,industry,2021,-15.60616209,Mining
2021-08-01,mining,432,industry,2021,-13.19490958,Mining
2021-09-01,mining,414,industry,2021,-16.81178835,Mining
2021-10-01,mining,451,industry,2021,-9.377093101,Mining
2021-11-01,mining,523,industry,2021,5.090421969,Mining
2021-12-01,mining,435,industry,2021,-12.59209645,Mining
2022-01-01,mining,458,industry,2022,-7.970529136,Mining
2022-02-01,mining,474,industry,2022,-4.755525787,Mining
2022-03-01,mining,462,industry,2022,-7.166778299,Mining
2022-04-01,mining,507,industry,2022,1.87541862,Mining
2022-05-01,mining,535,industry,2022,7.501674481,Mining
2022-06-01,mining,500,industry,2022,0.4688546551,Mining
2022-07-01,mining,519,industry,2022,4.286671132,Mining
2022-08-01,mining,523,industry,2022,5.090421969,Mining
2022-09-01,mining,513,industry,2022,3.081044876,Mining
2022-10-01,mining,556,industry,2022,11.72136638,Mining
2020-01-01,utilities,244,industry,2020,-2.073578595,Utilities
2020-02-01,utilities,295,industry,2020,18.39464883,Utilities
2020-03-01,utilities,297,industry,2020,19.19732441,Utilities
2020-04-01,utilities,224,industry,2020,-10.10033445,Utilities
2020-05-01,utilities,229,industry,2020,-8.093645485,Utilities
2020-06-01,utilities,272,industry,2020,9.163879599,Utilities
2020-07-01,utilities,254,industry,2020,1.939799331,Utilities
2020-08-01,utilities,286,industry,2020,14.7826087,Utilities
2020-09-01,utilities,296,industry,2020,18.79598662,Utilities
2020-10-01,utilities,324,industry,2020,30.03344482,Utilities
2020-11-01,utilities,345,industry,2020,38.46153846,Utilities
2020-12-01,utilities,340,industry,2020,36.4548495,Utilities
2021-01-01,utilities,382,industry,2021,53.31103679,Utilities
2021-02-01,utilities,406,industry,2021,62.94314381,Utilities
2021-03-01,utilities,519,industry,2021,108.2943144,Utilities
2021-04-01,utilities,450,industry,2021,80.60200669,Utilities
2021-05-01,utilities,430,industry,2021,72.57525084,Utilities
2021-06-01,utilities,396,industry,2021,58.92976589,Utilities
2021-07-01,utilities,485,industry,2021,94.64882943,Utilities
2021-08-01,utilities,400,industry,2021,60.53511706,Utilities
2021-09-01,utilities,430,industry,2021,72.57525084,Utilities
2021-10-01,utilities,392,industry,2021,57.32441472,Utilities
2021-11-01,utilities,466,industry,2021,87.02341137,Utilities
2021-12-01,utilities,340,industry,2021,36.4548495,Utilities
2022-01-01,utilities,426,industry,2022,70.96989967,Utilities
2022-02-01,utilities,467,industry,2022,87.42474916,Utilities
2022-03-01,utilities,554,industry,2022,122.3411371,Utilities
2022-04-01,utilities,442,industry,2022,77.39130435,Utilities
2022-05-01,utilities,476,industry,2022,91.0367893,Utilities
2022-06-01,utilities,466,industry,2022,87.02341137,Utilities
2022-07-01,utilities,434,industry,2022,74.18060201,Utilities
2022-08-01,utilities,496,industry,2022,99.06354515,Utilities
2022-09-01,utilities,524,industry,2022,110.3010033,Utilities
2022-10-01,utilities,508,industry,2022,103.8795987,Utilities
2020-01-01,construction,30474,industry,2020,-4.470219436,Construction
2020-02-01,construction,32206,industry,2020,0.9592476489,Construction
2020-03-01,construction,27583,industry,2020,-13.53291536,Construction
2020-04-01,construction,20090,industry,2020,-37.02194357,Construction
2020-05-01,construction,25643,industry,2020,-19.61442006,Construction
2020-06-01,construction,33426,industry,2020,4.78369906,Construction
2020-07-01,construction,45952,industry,2020,44.05015674,Construction
2020-08-01,construction,43240,industry,2020,35.54858934,Construction
2020-09-01,construction,40524,industry,2020,27.03448276,Construction
2020-10-01,construction,38171,industry,2020,19.65830721,Construction
2020-11-01,construction,37478,industry,2020,17.48589342,Construction
2020-12-01,construction,32707,industry,2020,2.529780564,Construction
2021-01-01,construction,43582,industry,2021,36.62068966,Construction
2021-02-01,construction,38021,industry,2021,19.18808777,Construction
2021-03-01,construction,40842,industry,2021,28.03134796,Construction
2021-04-01,construction,43564,industry,2021,36.56426332,Construction
2021-05-01,construction,46030,industry,2021,44.29467085,Construction
2021-06-01,construction,41502,industry,2021,30.10031348,Construction
2021-07-01,construction,40678,industry,2021,27.51724138,Construction
2021-08-01,construction,40324,industry,2021,26.40752351,Construction
2021-09-01,construction,40891,industry,2021,28.18495298,Construction
2021-10-01,construction,40218,industry,2021,26.07523511,Construction
2021-11-01,construction,41258,industry,2021,29.3354232,Construction
2021-12-01,construction,40094,industry,2021,25.68652038,Construction
2022-01-01,construction,40090,industry,2022,25.67398119,Construction
2022-02-01,construction,39030,industry,2022,22.35109718,Construction
2022-03-01,construction,39436,industry,2022,23.62382445,Construction
2022-04-01,construction,39434,industry,2022,23.61755486,Construction
2022-05-01,construction,42975,industry,2022,34.71786834,Construction
2022-06-01,construction,39920,industry,2022,25.14106583,Construction
2022-07-01,construction,42647,industry,2022,33.68965517,Construction
2022-08-01,construction,41896,industry,2022,31.3354232,Construction
2022-09-01,construction,42170,industry,2022,32.19435737,Construction
2022-10-01,construction,42320,industry,2022,32.6645768,Construction
2020-01-01,manufacturing,4840,industry,2020,-12.80719401,Manufacturing
2020-02-01,manufacturing,5174,industry,2020,-6.790169792,Manufacturing
2020-03-01,manufacturing,4799,industry,2020,-13.54581075,Manufacturing
2020-04-01,manufacturing,4740,industry,2020,-14.60869826,Manufacturing
2020-05-01,manufacturing,5913,industry,2020,6.52294666,Manufacturing
2020-06-01,manufacturing,6790,industry,2020,22.32213899,Manufacturing
2020-07-01,manufacturing,9546,industry,2020,71.97159628,Manufacturing
2020-08-01,manufacturing,8455,industry,2020,52.31718485,Manufacturing
2020-09-01,manufacturing,7703,industry,2020,38.76987284,Manufacturing
2020-10-01,manufacturing,7149,industry,2020,28.78953927,Manufacturing
2020-11-01,manufacturing,6967,industry,2020,25.51080152,Manufacturing
2020-12-01,manufacturing,5980,industry,2020,7.729954512,Manufacturing
2021-01-01,manufacturing,7896,industry,2021,42.24677606,Manufacturing
2021-02-01,manufacturing,7138,industry,2021,28.5913738,Manufacturing
2021-03-01,manufacturing,7383,industry,2021,33.00505922,Manufacturing
2021-04-01,manufacturing,8219,industry,2021,48.06563481,Manufacturing
2021-05-01,manufacturing,8179,industry,2021,47.3450331,Manufacturing
2021-06-01,manufacturing,7175,industry,2021,29.25793037,Manufacturing
2021-07-01,manufacturing,7304,industry,2021,31.58187086,Manufacturing
2021-08-01,manufacturing,6831,industry,2021,23.06075573,Manufacturing
2021-09-01,manufacturing,6963,industry,2021,25.43874135,Manufacturing
2021-10-01,manufacturing,6993,industry,2021,25.97919263,Manufacturing
2021-11-01,manufacturing,7139,industry,2021,28.60938884,Manufacturing
2021-12-01,manufacturing,7149,industry,2021,28.78953927,Manufacturing
2022-01-01,manufacturing,7246,industry,2022,30.53699839,Manufacturing
2022-02-01,manufacturing,7120,industry,2022,28.26710303,Manufacturing
2022-03-01,manufacturing,7217,industry,2022,30.01456216,Manufacturing
2022-04-01,manufacturing,7261,industry,2022,30.80722403,Manufacturing
2022-05-01,manufacturing,7075,industry,2022,27.45642612,Manufacturing
2022-06-01,manufacturing,6050,industry,2022,8.991007491,Manufacturing
2022-07-01,manufacturing,5986,industry,2022,7.838044767,Manufacturing
2022-08-01,manufacturing,6189,industry,2022,11.49509841,Manufacturing
2022-09-01,manufacturing,6340,industry,2022,14.21536983,Manufacturing
2022-10-01,manufacturing,6466,industry,2022,16.4852652,Manufacturing
2020-01-01,wholesale_trade,7585,industry,2020,-9.213321763,Wholesale Trade
2020-02-01,wholesale_trade,8091,industry,2020,-3.156886801,Wholesale Trade
2020-03-01,wholesale_trade,7610,industry,2020,-8.914090787,Wholesale Trade
2020-04-01,wholesale_trade,7948,industry,2020,-4.868487986,Wholesale Trade
2020-05-01,wholesale_trade,9860,industry,2020,18.01669709,Wholesale Trade
2020-06-01,wholesale_trade,11530,industry,2020,38.00532631,Wholesale Trade
2020-07-01,wholesale_trade,16208,industry,2020,93.99742661,Wholesale Trade
2020-08-01,wholesale_trade,14234,industry,2020,70.37014872,Wholesale Trade
2020-09-01,wholesale_trade,12083,industry,2020,44.62431551,Wholesale Trade
2020-10-01,wholesale_trade,11077,industry,2020,32.58326102,Wholesale Trade
2020-11-01,wholesale_trade,10723,industry,2020,28.34615039,Wholesale Trade
2020-12-01,wholesale_trade,9488,industry,2020,13.56414016,Wholesale Trade
2021-01-01,wholesale_trade,12129,industry,2021,45.17490051,Wholesale Trade
2021-02-01,wholesale_trade,10364,industry,2021,24.04919357,Wholesale Trade
2021-03-01,wholesale_trade,11208,industry,2021,34.15123134,Wholesale Trade
2021-04-01,wholesale_trade,12112,industry,2021,44.97142344,Wholesale Trade
2021-05-01,wholesale_trade,11718,industry,2021,40.25554325,Wholesale Trade
2021-06-01,wholesale_trade,10685,industry,2021,27.89131931,Wholesale Trade
2021-07-01,wholesale_trade,10351,industry,2021,23.89359346,Wholesale Trade
2021-08-01,wholesale_trade,9891,industry,2021,18.3877435,Wholesale Trade
2021-09-01,wholesale_trade,9715,industry,2021,16.28115743,Wholesale Trade
2021-10-01,wholesale_trade,9151,industry,2021,9.530506598,Wholesale Trade
2021-11-01,wholesale_trade,9261,industry,2021,10.84712289,Wholesale Trade
2021-12-01,wholesale_trade,8969,industry,2021,7.35210509,Wholesale Trade
2022-01-01,wholesale_trade,9720,industry,2022,16.34100362,Wholesale Trade
2022-02-01,wholesale_trade,8921,industry,2022,6.777581615,Wholesale Trade
2022-03-01,wholesale_trade,8954,industry,2022,7.172566504,Wholesale Trade
2022-04-01,wholesale_trade,9556,industry,2022,14.37804842,Wholesale Trade
2022-05-01,wholesale_trade,9123,industry,2022,9.195367904,Wholesale Trade
2022-06-01,wholesale_trade,8614,industry,2022,3.103025225,Wholesale Trade
2022-07-01,wholesale_trade,9025,industry,2022,8.022382477,Wholesale Trade
2022-08-01,wholesale_trade,8814,industry,2022,5.496873036,Wholesale Trade
2022-09-01,wholesale_trade,9347,industry,2022,11.87647745,Wholesale Trade
2022-10-01,wholesale_trade,9524,industry,2022,13.99503277,Wholesale Trade
2020-01-01,retail_trade,38200,industry,2020,-12.65293834,Retail Trade
2020-02-01,retail_trade,41565,industry,2020,-4.958622569,Retail Trade
2020-03-01,retail_trade,36587,industry,2020,-16.34117945,Retail Trade
2020-04-01,retail_trade,40889,industry,2020,-6.50434544,Retail Trade
2020-05-01,retail_trade,65689,industry,2020,50.20264747,Retail Trade
2020-06-01,retail_trade,82726,industry,2020,89.15897966,Retail Trade
2020-07-01,retail_trade,122824,industry,2020,180.8459555,Retail Trade
2020-08-01,retail_trade,101830,industry,2020,132.8416568,Retail Trade
2020-09-01,retail_trade,87565,industry,2020,100.223703,Retail Trade
2020-10-01,retail_trade,81393,industry,2020,86.11097879,Retail Trade
2020-11-01,retail_trade,77305,industry,2020,76.76347125,Retail Trade
2020-12-01,retail_trade,69369,industry,2020,58.61723351,Retail Trade
2021-01-01,retail_trade,92550,industry,2021,111.6222659,Retail Trade
2021-02-01,retail_trade,82105,industry,2021,87.73901826,Retail Trade
2021-03-01,retail_trade,85433,industry,2021,95.34873086,Retail Trade
2021-04-01,retail_trade,94332,industry,2021,115.6969377,Retail Trade
2021-05-01,retail_trade,94794,industry,2021,116.7533341,Retail Trade
2021-06-01,retail_trade,82132,industry,2021,87.80075571,Retail Trade
2021-07-01,retail_trade,79772,industry,2021,82.4044451,Retail Trade
2021-08-01,retail_trade,76686,industry,2021,75.34808299,Retail Trade
2021-09-01,retail_trade,76306,industry,2021,74.47918552,Retail Trade
2021-10-01,retail_trade,73067,industry,2021,67.07297786,Retail Trade
2021-11-01,retail_trade,72043,industry,2021,64.73152783,Retail Trade
2021-12-01,retail_trade,74244,industry,2021,69.76427345,Retail Trade
2022-01-01,retail_trade,78408,industry,2022,79.28556049,Retail Trade
2022-02-01,retail_trade,76323,industry,2022,74.51805725,Retail Trade
2022-03-01,retail_trade,76623,industry,2022,75.20402894,Retail Trade
2022-04-01,retail_trade,72446,industry,2022,65.65301647,Retail Trade
2022-05-01,retail_trade,69424,industry,2022,58.74299499,Retail Trade
2022-06-01,retail_trade,68626,industry,2022,56.9183103,Retail Trade
2022-07-01,retail_trade,71782,industry,2022,64.13473246,Retail Trade
2022-08-01,retail_trade,69949,industry,2022,59.94344545,Retail Trade
2022-09-01,retail_trade,71917,industry,2022,64.44341972,Retail Trade
2022-10-01,retail_trade,72507,industry,2022,65.79249738,Retail Trade
2020-01-01,transportation_warehousing,20682,industry,2020,2.967668059,Transportation & Warehousing
2020-02-01,transportation_warehousing,21748,industry,2020,8.274869208,Transportation & Warehousing
2020-03-01,transportation_warehousing,18269,industry,2020,-9.045724409,Transportation & Warehousing
2020-04-01,transportation_warehousing,16337,industry,2020,-18.66440416,Transportation & Warehousing
2020-05-01,transportation_warehousing,18348,industry,2020,-8.652414005,Transportation & Warehousing
2020-06-01,transportation_warehousing,24694,industry,2020,22.94186225,Transportation & Warehousing
2020-07-01,transportation_warehousing,36726,industry,2020,82.84453037,Transportation & Warehousing
2020-08-01,transportation_warehousing,36203,industry,2020,80.24071592,Transportation & Warehousing
2020-09-01,transportation_warehousing,34751,industry,2020,73.01177027,Transportation & Warehousing
2020-10-01,transportation_warehousing,34115,industry,2020,69.84537259,Transportation & Warehousing
2020-11-01,transportation_warehousing,34004,industry,2020,69.29274658,Transportation & Warehousing
2020-12-01,transportation_warehousing,28480,industry,2020,41.79088997,Transportation & Warehousing
2021-01-01,transportation_warehousing,40615,industry,2021,102.2063552,Transportation & Warehousing
2021-02-01,transportation_warehousing,34598,industry,2021,72.25004253,Transportation & Warehousing
2021-03-01,transportation_warehousing,37634,industry,2021,87.36511071,Transportation & Warehousing
2021-04-01,transportation_warehousing,41767,industry,2021,107.941717,Transportation & Warehousing
2021-05-01,transportation_warehousing,42635,industry,2021,112.2631529,Transportation & Warehousing
2021-06-01,transportation_warehousing,41888,industry,2021,108.5441292,Transportation & Warehousing
2021-07-01,transportation_warehousing,41460,industry,2021,106.4132829,Transportation & Warehousing
2021-08-01,transportation_warehousing,40014,industry,2021,99.21420896,Transportation & Warehousing
2021-09-01,transportation_warehousing,41603,industry,2021,107.1252246,Transportation & Warehousing
2021-10-01,transportation_warehousing,41727,industry,2021,107.7425725,Transportation & Warehousing
2021-11-01,transportation_warehousing,41804,industry,2021,108.1259257,Transportation & Warehousing
2021-12-01,transportation_warehousing,38038,industry,2021,89.37647025,Transportation & Warehousing
2022-01-01,transportation_warehousing,38804,industry,2022,93.19008758,Transportation & Warehousing
2022-02-01,transportation_warehousing,37807,industry,2022,88.22641071,Transportation & Warehousing
2022-03-01,transportation_warehousing,36131,industry,2022,79.88225581,Transportation & Warehousing
2022-04-01,transportation_warehousing,35480,industry,2022,76.64117894,Transportation & Warehousing
2022-05-01,transportation_warehousing,35359,industry,2022,76.0387668,Transportation & Warehousing
2022-06-01,transportation_warehousing,34630,industry,2022,72.40935813,Transportation & Warehousing
2022-07-01,transportation_warehousing,34753,industry,2022,73.0217275,Transportation & Warehousing
2022-08-01,transportation_warehousing,35828,industry,2022,78.37373616,Transportation & Warehousing
2022-09-01,transportation_warehousing,36585,industry,2022,82.14254598,Transportation & Warehousing
2022-10-01,transportation_warehousing,37707,industry,2022,87.72854944,Transportation & Warehousing
2020-01-01,information,5662,industry,2020,-8.347272433,Information
2020-02-01,information,6468,industry,2020,4.699724815,Information
2020-03-01,information,5711,industry,2020,-7.5540927,Information
2020-04-01,information,5430,industry,2020,-12.10273566,Information
2020-05-01,information,6626,industry,2020,7.257324772,Information
2020-06-01,information,8214,industry,2020,32.96282307,Information
2020-07-01,information,11311,industry,2020,83.09501969,Information
2020-08-01,information,10306,industry,2020,66.82674149,Information
2020-09-01,information,9618,industry,2020,55.68985054,Information
2020-10-01,information,8986,industry,2020,45.45945071,Information
2020-11-01,information,8459,industry,2020,36.92872174,Information
2020-12-01,information,7284,industry,2020,17.90859548,Information
2021-01-01,information,9700,industry,2021,57.01721254,Information
2021-02-01,information,8844,industry,2021,43.16084822,Information
2021-03-01,information,9463,industry,2021,53.1808126,Information
2021-04-01,information,9395,industry,2021,52.08007338,Information
2021-05-01,information,9637,industry,2021,55.99741003,Information
2021-06-01,information,8766,industry,2021,41.89823558,Information
2021-07-01,information,8723,industry,2021,41.2021799,Information
2021-08-01,information,8584,industry,2021,38.95213943,Information
2021-09-01,information,8474,industry,2021,37.17153186,Information
2021-10-01,information,8479,industry,2021,37.25246857,Information
2021-11-01,information,8789,industry,2021,42.27054443,Information
2021-12-01,information,8564,industry,2021,38.6283926,Information
2022-01-01,information,8376,industry,2022,35.5851724,Information
2022-02-01,information,8096,industry,2022,31.05271678,Information
2022-03-01,information,7872,industry,2022,27.42675228,Information
2022-04-01,information,7953,industry,2022,28.73792694,Information
2022-05-01,information,7720,industry,2022,24.96627637,Information
2022-06-01,information,7858,industry,2022,27.2001295,Information
2022-07-01,information,7949,industry,2022,28.67317758,Information
2022-08-01,information,7890,industry,2022,27.71812443,Information
2022-09-01,information,8127,industry,2022,31.55452436,Information
2022-10-01,information,8214,industry,2022,32.96282307,Information
2020-01-01,finance_insurance,13160,industry,2020,-3.71318822,Finance & Insurance
2020-02-01,finance_insurance,14393,industry,2020,5.308212914,Finance & Insurance
2020-03-01,finance_insurance,13629,industry,2020,-0.2816901408,Finance & Insurance
2020-04-01,finance_insurance,11817,industry,2020,-13.53941833,Finance & Insurance
2020-05-01,finance_insurance,12734,industry,2020,-6.830071337,Finance & Insurance
2020-06-01,finance_insurance,15582,industry,2020,14.00768246,Finance & Insurance
2020-07-01,finance_insurance,19258,industry,2020,40.90360344,Finance & Insurance
2020-08-01,finance_insurance,18272,industry,2020,33.68940918,Finance & Insurance
2020-09-01,finance_insurance,17619,industry,2020,28.91165173,Finance & Insurance
2020-10-01,finance_insurance,17518,industry,2020,28.1726724,Finance & Insurance
2020-11-01,finance_insurance,17286,industry,2020,26.47521493,Finance & Insurance
2020-12-01,finance_insurance,15583,industry,2020,14.01499909,Finance & Insurance
2021-01-01,finance_insurance,22221,industry,2021,62.58276934,Finance & Insurance
2021-02-01,finance_insurance,21006,industry,2021,53.6930675,Finance & Insurance
2021-03-01,finance_insurance,21440,industry,2021,56.86848363,Finance & Insurance
2021-04-01,finance_insurance,21716,industry,2021,58.88787269,Finance & Insurance
2021-05-01,finance_insurance,22179,industry,2021,62.27547101,Finance & Insurance
2021-06-01,finance_insurance,20514,industry,2021,50.09328699,Finance & Insurance
2021-07-01,finance_insurance,20544,industry,2021,50.31278581,Finance & Insurance
2021-08-01,finance_insurance,19859,industry,2021,45.30089629,Finance & Insurance
2021-09-01,finance_insurance,20068,industry,2021,46.83007134,Finance & Insurance
2021-10-01,finance_insurance,20876,industry,2021,52.74190598,Finance & Insurance
2021-11-01,finance_insurance,20447,industry,2021,49.60307298,Finance & Insurance
2021-12-01,finance_insurance,19632,industry,2021,43.64002195,Finance & Insurance
2022-01-01,finance_insurance,20143,industry,2022,47.37881836,Finance & Insurance
2022-02-01,finance_insurance,19601,industry,2022,43.41320651,Finance & Insurance
2022-03-01,finance_insurance,19307,industry,2022,41.26211816,Finance & Insurance
2022-04-01,finance_insurance,19281,industry,2022,41.07188586,Finance & Insurance
2022-05-01,finance_insurance,19257,industry,2022,40.89628681,Finance & Insurance
2022-06-01,finance_insurance,18108,industry,2022,32.48948235,Finance & Insurance
2022-07-01,finance_insurance,18683,industry,2022,36.69654289,Finance & Insurance
2022-08-01,finance_insurance,18175,industry,2022,32.97969636,Finance & Insurance
2022-09-01,finance_insurance,18169,industry,2022,32.9357966,Finance & Insurance
2022-10-01,finance_insurance,17720,industry,2022,29.65063106,Finance & Insurance
2020-01-01,real_estate,15785,industry,2020,-13.59877391,Real Estate
2020-02-01,real_estate,17011,industry,2020,-6.888105349,Real Estate
2020-03-01,real_estate,14543,industry,2020,-20.39702052,Real Estate
2020-04-01,real_estate,10596,industry,2020,-42.00143227,Real Estate
2020-05-01,real_estate,12213,industry,2020,-33.15057496,Real Estate
2020-06-01,real_estate,16194,industry,2020,-11.36005985,Real Estate
2020-07-01,real_estate,21595,industry,2020,18.20300776,Real Estate
2020-08-01,real_estate,22012,industry,2020,20.48551085,Real Estate
2020-09-01,real_estate,21087,industry,2020,15.42240447,Real Estate
2020-10-01,real_estate,20940,industry,2020,14.61778108,Real Estate
2020-11-01,real_estate,19516,industry,2020,6.823334078,Real Estate
2020-12-01,real_estate,16302,industry,2020,-10.76890797,Real Estate
2021-01-01,real_estate,24256,industry,2021,32.76833323,Real Estate
2021-02-01,real_estate,21804,industry,2021,19.34699612,Real Estate
2021-03-01,real_estate,22889,industry,2021,25.28588306,Real Estate
2021-04-01,real_estate,23585,industry,2021,29.0955285,Real Estate
2021-05-01,real_estate,24417,industry,2021,33.64958743,Real Estate
2021-06-01,real_estate,23937,industry,2021,31.02224574,Real Estate
2021-07-01,real_estate,24285,industry,2021,32.92706846,Real Estate
2021-08-01,real_estate,24277,industry,2021,32.88327943,Real Estate
2021-09-01,real_estate,24384,industry,2021,33.46895768,Real Estate
2021-10-01,real_estate,25501,industry,2021,39.58300073,Real Estate
2021-11-01,real_estate,24739,industry,2021,35.41209581,Real Estate
2021-12-01,real_estate,23173,industry,2021,26.84039355,Real Estate
2022-01-01,real_estate,24745,industry,2022,35.44493758,Real Estate
2022-02-01,real_estate,24110,industry,2022,31.96918347,Real Estate
2022-03-01,real_estate,24602,industry,2022,34.6622087,Real Estate
2022-04-01,real_estate,24444,industry,2022,33.7973754,Real Estate
2022-05-01,real_estate,25011,industry,2022,36.90092276,Real Estate
2022-06-01,real_estate,24504,industry,2022,34.12579311,Real Estate
2022-07-01,real_estate,24481,industry,2022,33.99989965,Real Estate
2022-08-01,real_estate,23968,industry,2022,31.19192822,Real Estate
2022-09-01,real_estate,24838,industry,2022,35.95398503,Real Estate
2022-10-01,real_estate,24830,industry,2022,35.910196,Real Estate
2020-01-01,professional_services,37368,industry,2020,-1.575093505,Professional Services
2020-02-01,professional_services,41163,industry,2020,8.420692198,Professional Services
2020-03-01,professional_services,36482,industry,2020,-3.90876047,Professional Services
2020-04-01,professional_services,33556,industry,2020,-11.61565611,Professional Services
2020-05-01,professional_services,38271,industry,2020,0.8033503661,Professional Services
2020-06-01,professional_services,44366,industry,2020,16.85718801,Professional Services
2020-07-01,professional_services,59361,industry,2020,56.35305273,Professional Services
2020-08-01,professional_services,54571,industry,2020,43.73650108,Professional Services
2020-09-01,professional_services,50627,industry,2020,33.34825897,Professional Services
2020-10-01,professional_services,47855,industry,2020,26.04698941,Professional Services
2020-11-01,professional_services,45833,industry,2020,20.72117157,Professional Services
2020-12-01,professional_services,40210,industry,2020,5.910551546,Professional Services
2021-01-01,professional_services,55763,industry,2021,46.87615235,Professional Services
2021-02-01,professional_services,51838,industry,2021,36.53795501,Professional Services
2021-03-01,professional_services,53420,industry,2021,40.70484117,Professional Services
2021-04-01,professional_services,53855,industry,2021,41.85060317,Professional Services
2021-05-01,professional_services,54326,industry,2021,43.09118685,Professional Services
2021-06-01,professional_services,49390,industry,2021,30.0900806,Professional Services
2021-07-01,professional_services,50314,industry,2021,32.52383712,Professional Services
2021-08-01,professional_services,48802,industry,2021,28.54132645,Professional Services
2021-09-01,professional_services,48904,industry,2021,28.80998788,Professional Services
2021-10-01,professional_services,49854,industry,2021,31.31222673,Professional Services
2021-11-01,professional_services,50678,industry,2021,33.48258969,Professional Services
2021-12-01,professional_services,49084,industry,2021,29.2840963,Professional Services
2022-01-01,professional_services,49922,industry,2022,31.49133435,Professional Services
2022-02-01,professional_services,49172,industry,2022,29.51588263,Professional Services
2022-03-01,professional_services,48828,industry,2022,28.60980878,Professional Services
2022-04-01,professional_services,49195,industry,2022,29.57646315,Professional Services
2022-05-01,professional_services,51088,industry,2022,34.56250329,Professional Services
2022-06-01,professional_services,50577,industry,2022,33.21656219,Professional Services
2022-07-01,professional_services,52103,industry,2022,37.23594795,Professional Services
2022-08-01,professional_services,52633,industry,2022,38.63193384,Professional Services
2022-09-01,professional_services,52635,industry,2022,38.63720171,Professional Services
2022-10-01,professional_services,52663,industry,2022,38.7109519,Professional Services
2020-01-01,management_of_companies,2610,industry,2020,-2.702702703,Management
2020-02-01,management_of_companies,2839,industry,2020,5.834109972,Management
2020-03-01,management_of_companies,2645,industry,2020,-1.397949674,Management
2020-04-01,management_of_companies,2009,industry,2020,-25.10717614,Management
2020-05-01,management_of_companies,2251,industry,2020,-16.08574091,Management
2020-06-01,management_of_companies,2709,industry,2020,0.9878844362,Management
2020-07-01,management_of_companies,3273,industry,2020,22.01304753,Management
2020-08-01,management_of_companies,3294,industry,2020,22.79589935,Management
2020-09-01,management_of_companies,3284,industry,2020,22.42311277,Management
2020-10-01,management_of_companies,3373,industry,2020,25.74091333,Management
2020-11-01,management_of_companies,3484,industry,2020,29.87884436,Management
2020-12-01,management_of_companies,3345,industry,2020,24.6971109,Management
2021-01-01,management_of_companies,4610,industry,2021,71.85461323,Management
2021-02-01,management_of_companies,3980,industry,2021,48.36905871,Management
2021-03-01,management_of_companies,4444,industry,2021,65.66635601,Management
2021-04-01,management_of_companies,4209,industry,2021,56.90587139,Management
2021-05-01,management_of_companies,4316,industry,2021,60.89468779,Management
2021-06-01,management_of_companies,4246,industry,2021,58.28518173,Management
2021-07-01,management_of_companies,4262,industry,2021,58.88164026,Management
2021-08-01,management_of_companies,4286,industry,2021,59.77632805,Management
2021-09-01,management_of_companies,4579,industry,2021,70.69897484,Management
2021-10-01,management_of_companies,4639,industry,2021,72.93569432,Management
2021-11-01,management_of_companies,4720,industry,2021,75.95526561,Management
2021-12-01,management_of_companies,4367,industry,2021,62.79589935,Management
2022-01-01,management_of_companies,4228,industry,2022,57.61416589,Management
2022-02-01,management_of_companies,4046,industry,2022,50.82945014,Management
2022-03-01,management_of_companies,4093,industry,2022,52.58154706,Management
2022-04-01,management_of_companies,4032,industry,2022,50.30754893,Management
2022-05-01,management_of_companies,4208,industry,2022,56.86859273,Management
2022-06-01,management_of_companies,4012,industry,2022,49.56197577,Management
2022-07-01,management_of_companies,4150,industry,2022,54.70643057,Management
2022-08-01,management_of_companies,4067,industry,2022,51.61230196,Management
2022-09-01,management_of_companies,4130,industry,2022,53.96085741,Management
2022-10-01,management_of_companies,4101,industry,2022,52.87977633,Management
2020-01-01,administrative_and_support,19631,industry,2020,-1.576796771,Administrative & Support
2020-02-01,administrative_and_support,21269,industry,2020,6.635581961,Administrative & Support
2020-03-01,administrative_and_support,18451,industry,2020,-7.492918202,Administrative & Support
2020-04-01,administrative_and_support,16041,industry,2020,-19.57584418,Administrative & Support
2020-05-01,administrative_and_support,19842,industry,2020,-0.5189140408,Administrative & Support
2020-06-01,administrative_and_support,25483,industry,2020,27.7631546,Administrative & Support
2020-07-01,administrative_and_support,42328,industry,2020,112.2182949,Administrative & Support
2020-08-01,administrative_and_support,34896,industry,2020,74.95675716,Administrative & Support
2020-09-01,administrative_and_support,29856,industry,2020,49.68789953,Administrative & Support
2020-10-01,administrative_and_support,27504,industry,2020,37.89576596,Administrative & Support
2020-11-01,administrative_and_support,26183,industry,2020,31.27271816,Administrative & Support
2020-12-01,administrative_and_support,23242,industry,2020,16.52753754,Administrative & Support
2021-01-01,administrative_and_support,32231,industry,2021,61.59534732,Administrative & Support
2021-02-01,administrative_and_support,27562,industry,2021,38.18655837,Administrative & Support
2021-03-01,administrative_and_support,30793,industry,2021,54.38570104,Administrative & Support
2021-04-01,administrative_and_support,34392,industry,2021,72.4298714,Administrative & Support
2021-05-01,administrative_and_support,36709,industry,2021,84.04652679,Administrative & Support
2021-06-01,administrative_and_support,32593,industry,2021,63.41029305,Administrative & Support
2021-07-01,administrative_and_support,31712,industry,2021,58.99325662,Administrative & Support
2021-08-01,administrative_and_support,29838,industry,2021,49.59765361,Administrative & Support
2021-09-01,administrative_and_support,29641,industry,2021,48.60996215,Administrative & Support
2021-10-01,administrative_and_support,29344,industry,2021,47.12090446,Administrative & Support
2021-11-01,administrative_and_support,29308,industry,2021,46.94041262,Administrative & Support
2021-12-01,administrative_and_support,28852,industry,2021,44.65418265,Administrative & Support
2022-01-01,administrative_and_support,28942,industry,2022,45.10541225,Administrative & Support
2022-02-01,administrative_and_support,28213,industry,2022,41.45045248,Administrative & Support
2022-03-01,administrative_and_support,29166,industry,2022,46.22847259,Administrative & Support
2022-04-01,administrative_and_support,29955,industry,2022,50.18425209,Administrative & Support
2022-05-01,administrative_and_support,30814,industry,2022,54.49098794,Administrative & Support
2022-06-01,administrative_and_support,29953,industry,2022,50.17422476,Administrative & Support
2022-07-01,administrative_and_support,31429,industry,2022,57.57439021,Administrative & Support
2022-08-01,administrative_and_support,30744,industry,2022,54.14003159,Administrative & Support
2022-09-01,administrative_and_support,30881,industry,2022,54.82690331,Administrative & Support
2022-10-01,administrative_and_support,30930,industry,2022,55.07257276,Administrative & Support
2020-01-01,educational_services,4964,industry,2020,-0.1475124045,Education
2020-02-01,educational_services,5413,industry,2020,8.884269814,Education
2020-03-01,educational_services,4338,industry,2020,-12.73970766,Education
2020-04-01,educational_services,3669,industry,2020,-26.19686201,Education
2020-05-01,educational_services,4581,industry,2020,-7.851682982,Education
2020-06-01,educational_services,5927,industry,2020,19.22354834,Education
2020-07-01,educational_services,8577,industry,2020,72.52916723,Education
2020-08-01,educational_services,8077,industry,2020,62.47150329,Education
2020-09-01,educational_services,7203,industry,2020,44.89070672,Education
2020-10-01,educational_services,6418,industry,2020,29.10017433,Education
2020-11-01,educational_services,5946,industry,2020,19.60573957,Education
2020-12-01,educational_services,5091,industry,2020,2.407134236,Education
2021-01-01,educational_services,6982,industry,2021,40.44521926,Education
2021-02-01,educational_services,6148,industry,2021,23.66903581,Education
2021-03-01,educational_services,6353,industry,2021,27.79267802,Education
2021-04-01,educational_services,6255,industry,2021,25.82137589,Education
2021-05-01,educational_services,6744,industry,2021,35.65777122,Education
2021-06-01,educational_services,6256,industry,2021,25.84149122,Education
2021-07-01,educational_services,6313,industry,2021,26.98806491,Education
2021-08-01,educational_services,5910,industry,2021,18.88158777,Education
2021-09-01,educational_services,5745,industry,2021,15.56255867,Education
2021-10-01,educational_services,5842,industry,2021,17.51374547,Education
2021-11-01,educational_services,6067,industry,2021,22.03969425,Education
2021-12-01,educational_services,5774,industry,2021,16.14590318,Education
2022-01-01,educational_services,5975,industry,2022,20.18908408,Education
2022-02-01,educational_services,5715,industry,2022,14.95909883,Education
2022-03-01,educational_services,5686,industry,2022,14.37575432,Education
2022-04-01,educational_services,5761,industry,2022,15.88440392,Education
2022-05-01,educational_services,5837,industry,2022,17.41316883,Education
2022-06-01,educational_services,5744,industry,2022,15.54244334,Education
2022-07-01,educational_services,5920,industry,2022,19.08274105,Education
2022-08-01,educational_services,5795,industry,2022,16.56832506,Education
2022-09-01,educational_services,5819,industry,2022,17.05109293,Education
2022-10-01,educational_services,5931,industry,2022,19.30400966,Education
2020-01-01,health_care_social_assistance,17429,industry,2020,-7.215644173,Health Care & Social Assistance
2020-02-01,health_care_social_assistance,19440,industry,2020,3.490038285,Health Care & Social Assistance
2020-03-01,health_care_social_assistance,17777,industry,2020,-5.363044722,Health Care & Social Assistance
2020-04-01,health_care_social_assistance,16143,industry,2020,-14.06174444,Health Care & Social Assistance
2020-05-01,health_care_social_assistance,18524,industry,2020,-1.386344177,Health Care & Social Assistance
2020-06-01,health_care_social_assistance,22819,industry,2020,21.47835307,Health Care & Social Assistance
2020-07-01,health_care_social_assistance,31795,industry,2020,69.26264235,Health Care & Social Assistance
2020-08-01,health_care_social_assistance,29268,industry,2020,55.81000209,Health Care & Social Assistance
2020-09-01,health_care_social_assistance,26138,industry,2020,39.14725415,Health Care & Social Assistance
2020-10-01,health_care_social_assistance,24326,industry,2020,29.50096046,Health Care & Social Assistance
2020-11-01,health_care_social_assistance,23598,industry,2020,25.62540759,Health Care & Social Assistance
2020-12-01,health_care_social_assistance,20374,industry,2020,8.462244857,Health Care & Social Assistance
2021-01-01,health_care_social_assistance,25791,industry,2021,37.29997826,Health Care & Social Assistance
2021-02-01,health_care_social_assistance,24141,industry,2021,28.51610156,Health Care & Social Assistance
2021-03-01,health_care_social_assistance,25325,industry,2021,34.81919854,Health Care & Social Assistance
2021-04-01,health_care_social_assistance,27064,industry,2021,44.07687223,Health Care & Social Assistance
2021-05-01,health_care_social_assistance,27426,industry,2021,46.00400154,Health Care & Social Assistance
2021-06-01,health_care_social_assistance,24862,industry,2021,32.3543895,Health Care & Social Assistance
2021-07-01,health_care_social_assistance,24824,industry,2021,32.15209416,Health Care & Social Assistance
2021-08-01,health_care_social_assistance,24069,industry,2021,28.13280512,Health Care & Social Assistance
2021-09-01,health_care_social_assistance,24126,industry,2021,28.43624813,Health Care & Social Assistance
2021-10-01,health_care_social_assistance,24285,industry,2021,29.28269443,Health Care & Social Assistance
2021-11-01,health_care_social_assistance,23996,industry,2021,27.74418512,Health Care & Social Assistance
2021-12-01,health_care_social_assistance,23732,industry,2021,26.33876484,Health Care & Social Assistance
2022-01-01,health_care_social_assistance,24349,industry,2022,29.62340238,Health Care & Social Assistance
2022-02-01,health_care_social_assistance,23871,industry,2022,27.07873991,Health Care & Social Assistance
2022-03-01,health_care_social_assistance,23941,industry,2022,27.45138923,Health Care & Social Assistance
2022-04-01,health_care_social_assistance,24713,industry,2022,31.56117881,Health Care & Social Assistance
2022-05-01,health_care_social_assistance,25027,industry,2022,33.23277717,Health Care & Social Assistance
2022-06-01,health_care_social_assistance,24662,industry,2022,31.28967717,Health Care & Social Assistance
2022-07-01,health_care_social_assistance,25530,industry,2022,35.91052867,Health Care & Social Assistance
2022-08-01,health_care_social_assistance,24939,industry,2022,32.76430374,Health Care & Social Assistance
2022-09-01,health_care_social_assistance,24927,industry,2022,32.700421,Health Care & Social Assistance
2022-10-01,health_care_social_assistance,25301,industry,2022,34.69143306,Health Care & Social Assistance
2020-01-01,arts_entertainment,9640,industry,2020,0.9397659747,Arts & Entertainment
2020-02-01,arts_entertainment,9852,industry,2020,3.159603152,Arts & Entertainment
2020-03-01,arts_entertainment,8134,industry,2020,-14.82945473,Arts & Entertainment
2020-04-01,arts_entertainment,6263,industry,2020,-34.42056491,Arts & Entertainment
2020-05-01,arts_entertainment,7708,industry,2020,-19.29007094,Arts & Entertainment
2020-06-01,arts_entertainment,9918,industry,2020,3.850684537,Arts & Entertainment
2020-07-01,arts_entertainment,14570,industry,2020,52.56145127,Arts & Entertainment
2020-08-01,arts_entertainment,12325,industry,2020,29.05421324,Arts & Entertainment
2020-09-01,arts_entertainment,11999,industry,2020,25.64069003,Arts & Entertainment
2020-10-01,arts_entertainment,11852,industry,2020,24.10146331,Arts & Entertainment
2020-11-01,arts_entertainment,11049,industry,2020,15.69330646,Arts & Entertainment
2020-12-01,arts_entertainment,9519,industry,2020,-0.327216565,Arts & Entertainment
2021-01-01,arts_entertainment,14235,industry,2021,49.05368969,Arts & Entertainment
2021-02-01,arts_entertainment,11908,industry,2021,24.6878354,Arts & Entertainment
2021-03-01,arts_entertainment,13302,industry,2021,39.28431193,Arts & Entertainment
2021-04-01,arts_entertainment,14658,industry,2021,53.48289312,Arts & Entertainment
2021-05-01,arts_entertainment,14709,industry,2021,54.01691055,Arts & Entertainment
2021-06-01,arts_entertainment,13058,industry,2021,36.72940499,Arts & Entertainment
2021-07-01,arts_entertainment,13036,industry,2021,36.49904453,Arts & Entertainment
2021-08-01,arts_entertainment,11446,industry,2021,19.8502657,Arts & Entertainment
2021-09-01,arts_entertainment,11800,industry,2021,23.55697495,Arts & Entertainment
2021-10-01,arts_entertainment,11861,industry,2021,24.19570168,Arts & Entertainment
2021-11-01,arts_entertainment,12081,industry,2021,26.4993063,Arts & Entertainment
2021-12-01,arts_entertainment,11732,industry,2021,22.8449517,Arts & Entertainment
2022-01-01,arts_entertainment,11812,industry,2022,23.68262611,Arts & Entertainment
2022-02-01,arts_entertainment,10863,industry,2022,13.74571346,Arts & Entertainment
2022-03-01,arts_entertainment,11893,industry,2022,24.53077145,Arts & Entertainment
2022-04-01,arts_entertainment,11579,industry,2022,21.2428994,Arts & Entertainment
2022-05-01,arts_entertainment,12122,industry,2022,26.92861443,Arts & Entertainment
2022-06-01,arts_entertainment,12223,industry,2022,27.98617837,Arts & Entertainment
2022-07-01,arts_entertainment,12616,industry,2022,32.10125389,Arts & Entertainment
2022-08-01,arts_entertainment,12536,industry,2022,31.26357949,Arts & Entertainment
2022-09-01,arts_entertainment,12736,industry,2022,33.3577655,Arts & Entertainment
2022-10-01,arts_entertainment,13722,industry,2022,43.68210256,Arts & Entertainment
2020-01-01,accom_food_services,15423,industry,2020,0.5132215651,Accommodation & Food Services
2020-02-01,accom_food_services,16220,industry,2020,5.707349659,Accommodation & Food Services
2020-03-01,accom_food_services,12418,industry,2020,-19.07066165,Accommodation & Food Services
2020-04-01,accom_food_services,9330,industry,2020,-39.1954641,Accommodation & Food Services
2020-05-01,accom_food_services,12155,industry,2020,-20.78465875,Accommodation & Food Services
2020-06-01,accom_food_services,18758,industry,2020,22.24774753,Accommodation & Food Services
2020-07-01,accom_food_services,30850,industry,2020,101.0525115,Accommodation & Food Services
2020-08-01,accom_food_services,25435,industry,2020,65.76241915,Accommodation & Food Services
2020-09-01,accom_food_services,21793,industry,2020,42.02714372,Accommodation & Food Services
2020-10-01,accom_food_services,20808,industry,2020,35.60780097,Accommodation & Food Services
2020-11-01,accom_food_services,19748,industry,2020,28.69967577,Accommodation & Food Services
2020-12-01,accom_food_services,17317,industry,2020,12.85660752,Accommodation & Food Services
2021-01-01,accom_food_services,27466,industry,2021,78.9986477,Accommodation & Food Services
2021-02-01,accom_food_services,23061,industry,2021,50.29082555,Accommodation & Food Services
2021-03-01,accom_food_services,25300,industry,2021,64.88261075,Accommodation & Food Services
2021-04-01,accom_food_services,30364,industry,2021,97.8852013,Accommodation & Food Services
2021-05-01,accom_food_services,30958,industry,2021,101.7563582,Accommodation & Food Services
2021-06-01,accom_food_services,25485,industry,2021,66.08827411,Accommodation & Food Services
2021-07-01,accom_food_services,25029,industry,2021,63.11647686,Accommodation & Food Services
2021-08-01,accom_food_services,23484,industry,2021,53.04755853,Accommodation & Food Services
2021-09-01,accom_food_services,23013,industry,2021,49.97800479,Accommodation & Food Services
2021-10-01,accom_food_services,22970,industry,2021,49.69776952,Accommodation & Food Services
2021-11-01,accom_food_services,23328,industry,2021,52.03089105,Accommodation & Food Services
2021-12-01,accom_food_services,21937,industry,2021,42.96560601,Accommodation & Food Services
2022-01-01,accom_food_services,23132,industry,2022,50.7535396,Accommodation & Food Services
2022-02-01,accom_food_services,21255,industry,2022,38.52094433,Accommodation & Food Services
2022-03-01,accom_food_services,21375,industry,2022,39.30299624,Accommodation & Food Services
2022-04-01,accom_food_services,24930,industry,2022,62.47128403,Accommodation & Food Services
2022-05-01,accom_food_services,22847,industry,2022,48.89616632,Accommodation & Food Services
2022-06-01,accom_food_services,22986,industry,2022,49.80204311,Accommodation & Food Services
2022-07-01,accom_food_services,23953,industry,2022,56.10407807,Accommodation & Food Services
2022-08-01,accom_food_services,23366,industry,2022,52.27854082,Accommodation & Food Services
2022-09-01,accom_food_services,23302,industry,2022,51.86144647,Accommodation & Food Services
2022-10-01,accom_food_services,24039,industry,2022,56.66454861,Accommodation & Food Services
2020-01-01,other_services,28117,industry,2020,1.623731601,Other
2020-02-01,other_services,29096,industry,2020,5.162147265,Other
2020-03-01,other_services,23983,industry,2020,-13.31785201,Other
2020-04-01,other_services,21387,industry,2020,-22.70061714,Other
2020-05-01,other_services,28123,industry,2020,1.645417499,Other
2020-06-01,other_services,40406,industry,2020,46.0400647,Other
2020-07-01,other_services,62571,industry,2020,126.1513856,Other
2020-08-01,other_services,49342,industry,2020,78.33759521,Other
2020-09-01,other_services,41648,industry,2020,50.52904555,Other
2020-10-01,other_services,38037,industry,2020,37.47774937,Other
2020-11-01,other_services,35222,industry,2020,27.30344896,Other
2020-12-01,other_services,31560,industry,2020,14.06782265,Other
2021-01-01,other_services,45284,industry,2021,63.67069964,Other
2021-02-01,other_services,40678,industry,2021,47.02315873,Other
2021-03-01,other_services,43354,industry,2021,56.69506917,Other
2021-04-01,other_services,49295,industry,2021,78.16772235,Other
2021-05-01,other_services,49841,industry,2021,80.14113905,Other
2021-06-01,other_services,44920,industry,2021,62.35508851,Other
2021-07-01,other_services,43739,industry,2021,58.08658095,Other
2021-08-01,other_services,41364,industry,2021,49.50257972,Other
2021-09-01,other_services,41631,industry,2021,50.46760217,Other
2021-10-01,other_services,40329,industry,2021,45.76176234,Other
2021-11-01,other_services,39727,industry,2021,43.58594392,Other
2021-12-01,other_services,40000,industry,2021,44.57265228,Other
2022-01-01,other_services,39203,industry,2022,41.69204218,Other
2022-02-01,other_services,38795,industry,2022,40.21740113,Other
2022-03-01,other_services,38958,industry,2022,40.80653468,Other
2022-04-01,other_services,42847,industry,2022,54.8626108,Other
2022-05-01,other_services,38917,industry,2022,40.65834772,Other
2022-06-01,other_services,37911,industry,2022,37.02234551,Other
2022-07-01,other_services,38474,industry,2022,39.05720559,Other
2022-08-01,other_services,38890,industry,2022,40.56076118,Other
2022-09-01,other_services,37670,industry,2022,36.15129528,Other
2022-10-01,other_services,37864,industry,2022,36.85247264,Other
2020-01-01,us_total,279273,industry,2020,-4.743339831,U.S. Total
2020-02-01,us_total,300490,industry,2020,2.493523592,U.S. Total
2020-03-01,us_total,260899,industry,2020,-11.01049016,U.S. Total
2020-04-01,us_total,233008,industry,2020,-20.52377468,U.S. Total
2020-05-01,us_total,297093,industry,2020,1.334847764,U.S. Total
2020-06-01,us_total,380603,industry,2020,29.819104,U.S. Total
2020-07-01,us_total,552214,industry,2020,88.35355132,U.S. Total
2020-08-01,us_total,486402,industry,2020,65.90586995,U.S. Total
2020-09-01,us_total,437285,industry,2020,49.15265221,U.S. Total
2020-10-01,us_total,412450,industry,2020,40.68173252,U.S. Total
2020-11-01,us_total,395669,industry,2020,34.95793533,U.S. Total
2020-12-01,us_total,347372,industry,2020,18.48440972,U.S. Total
2021-01-01,us_total,481995,industry,2021,64.40269528,U.S. Total
2021-02-01,us_total,427441,industry,2021,45.79498225,U.S. Total
2021-03-01,us_total,453684,industry,2021,54.74615381,U.S. Total
2021-04-01,us_total,490008,industry,2021,67.13583317,U.S. Total
2021-05-01,us_total,500485,industry,2021,70.70941181,U.S. Total
2021-06-01,us_total,451903,industry,2021,54.13867614,U.S. Total
2021-07-01,us_total,447318,industry,2021,52.5747878,U.S. Total
2021-08-01,us_total,430758,industry,2021,46.92637105,U.S. Total
2021-09-01,us_total,433037,industry,2021,47.70371053,U.S. Total
2021-10-01,us_total,430737,industry,2021,46.9192082,U.S. Total
2021-11-01,us_total,431874,industry,2021,47.30702522,U.S. Total
2021-12-01,us_total,420388,industry,2021,43.38928881,U.S. Total
2022-01-01,us_total,430729,industry,2022,46.91647949,U.S. Total
2022-02-01,us_total,418169,industry,2022,42.63241461,U.S. Total
2022-03-01,us_total,418542,industry,2022,42.75964043,U.S. Total
2022-04-01,us_total,424911,industry,2022,44.9320297,U.S. Total
2022-05-01,us_total,422587,industry,2022,44.13934126,U.S. Total
2022-06-01,us_total,412881,industry,2022,40.82874144,U.S. Total
2022-07-01,us_total,427241,industry,2022,45.72676466,U.S. Total
2022-08-01,us_total,422582,industry,2022,44.13763582,U.S. Total
2022-09-01,us_total,427575,industry,2022,45.84068804,U.S. Total
2022-10-01,us_total,432834,industry,2022,47.63446967,U.S. Total